{
  "difficulty" : 5,
  "background" : "spinTriangle",
  "palette" : "standard",
  "title" : "Welcome to the Arena",
  "artist" : "Poshon",
  "album" : "Octave OST Vol. 1",
  "image" : "graphics/fiveflower.png",
  "source" : "Danger Dancer",
  "year" : 2018,
  "highScores" : "maps/Welcome to the Arena/highScores.json",
  "midi" : "maps/Welcome to the Arena/welcome_to_the_arena_map.mid",
  "noteDelay" : 0,
  "speedCoeff" : 0.18,
  "bpm" : 120,
  "audio" : "maps/Welcome to the Arena/Welcome_to_the_Arena.mp3"
	
}

